commit_idx,seed,source,target,dfs_depth,probability,threshold,accepted,actual_target,cochange_prior
81,34,34,23,0,0.4695418179035187,0.7500000000000002,0,0,1.0
82,2,2,1,0,0.4733016788959503,0.7500000000000002,0,0,0.16666666666666666
82,2,2,12,0,0.31014779210090637,0.7500000000000002,0,0,0.16666666666666666
82,2,2,28,0,0.3955533802509308,0.7500000000000002,0,0,0.06666666666666667
82,2,2,33,0,0.47791069746017456,0.7500000000000002,0,0,0.18181818181818182
82,2,2,4,0,0.5225168466567993,0.7500000000000002,0,0,0.23076923076923078
82,2,2,47,0,0.464486300945282,0.7500000000000002,0,1,0.5
82,2,2,5,0,0.5268042683601379,0.7500000000000002,0,0,0.2
82,2,2,50,0,0.5339869260787964,0.7500000000000002,0,0,1.0
82,2,2,6,0,0.3287163972854614,0.7500000000000002,0,0,0.3333333333333333
83,9,9,101,0,0.4208555817604065,0.7500000000000002,0,0,0.25
83,9,9,102,0,0.43780988454818726,0.7500000000000002,0,0,0.3333333333333333
83,9,9,24,0,0.5266600251197815,0.7500000000000002,0,0,0.5
83,9,9,28,0,0.40351229906082153,0.7500000000000002,0,0,0.0625
83,9,9,33,0,0.41769859194755554,0.7500000000000002,0,0,0.06666666666666667
83,9,9,35,0,0.34354063868522644,0.7500000000000002,0,0,0.07142857142857142
83,9,9,36,0,0.7460358142852783,0.7500000000000002,0,0,0.4
83,9,9,39,0,0.34436389803886414,0.7500000000000002,0,0,0.07692307692307693
83,9,9,44,0,0.36611273884773254,0.7500000000000002,0,0,0.08333333333333333
83,9,9,54,0,0.3502483665943146,0.7500000000000002,0,0,0.09090909090909091
83,9,9,55,0,0.3722779154777527,0.7500000000000002,0,0,0.1
83,9,9,56,0,0.3557862341403961,0.7500000000000002,0,0,0.1111111111111111
83,9,9,83,0,0.36741605401039124,0.7500000000000002,0,0,0.125
83,9,9,89,0,0.4133468568325043,0.7500000000000002,0,0,0.14285714285714285
83,9,9,92,0,0.3886895775794983,0.7500000000000002,0,0,0.16666666666666666
84,9,9,101,0,0.46581292152404785,0.7500000000000002,0,0,0.2
84,9,9,102,0,0.4777545928955078,0.7500000000000002,0,0,0.25
84,9,9,24,0,0.5533736944198608,0.7500000000000002,0,0,0.3333333333333333
84,9,9,28,0,0.4297695457935333,0.7500000000000002,0,0,0.058823529411764705
84,9,9,33,0,0.4424838423728943,0.7500000000000002,0,0,0.0625
84,9,9,35,0,0.3685941994190216,0.7500000000000002,0,0,0.06666666666666667
84,9,9,36,0,0.7587887644767761,0.7500000000000002,1,0,0.3333333333333333
84,9,9,39,0,0.3694368600845337,0.7500000000000002,0,0,0.07142857142857142
84,9,9,44,0,0.3947068452835083,0.7500000000000002,0,0,0.07692307692307693
84,9,9,54,0,0.37706637382507324,0.7500000000000002,0,0,0.08333333333333333
84,9,9,55,0,0.4027341604232788,0.7500000000000002,0,0,0.09090909090909091
84,9,9,56,0,0.38298919796943665,0.7500000000000002,0,0,0.1
84,9,9,80,0,0.7630836963653564,0.7500000000000002,1,0,1.0
85,33,33,2,0,0.6476406455039978,0.7500000000000002,0,0,0.5
85,33,33,7,0,0.683747410774231,0.7500000000000002,0,0,0.3333333333333333
85,33,33,9,0,0.5019229650497437,0.7500000000000002,0,0,0.25
86,48,48,28,0,0.5617976188659668,0.7500000000000002,0,0,0.16666666666666666
86,48,48,49,0,0.2976515293121338,0.7500000000000002,0,0,0.125
86,48,48,5,0,0.7983618974685669,0.7500000000000002,1,0,0.5833333333333334
86,48,48,52,0,0.5262292623519897,0.7500000000000002,0,0,0.2222222222222222
86,48,5,2,1,0.529293954372406,0.7500000000000002,0,0,0.3
87,47,47,1,0,0.6376286149024963,0.7500000000000002,0,0,0.16666666666666666
87,47,47,103,0,0.4389333426952362,0.7500000000000002,0,0,0.25
87,47,47,2,0,0.7526251077651978,0.7500000000000002,1,0,0.3333333333333333
87,47,47,4,0,0.47956377267837524,0.7500000000000002,0,0,0.16666666666666666
87,47,47,50,0,0.6370721459388733,0.7500000000000002,0,0,0.25
87,47,2,1,1,0.5507601499557495,0.7500000000000002,0,0,0.15384615384615385
87,47,2,12,1,0.34744927287101746,0.7500000000000002,0,0,0.14285714285714285
87,47,2,28,1,0.42701834440231323,0.7500000000000002,0,0,0.0625
87,47,2,33,1,0.5387160181999207,0.7500000000000002,0,0,0.16666666666666666
87,47,2,4,1,0.5402759313583374,0.7500000000000002,0,0,0.21428571428571427
87,47,2,5,1,0.5466962456703186,0.7500000000000002,0,0,0.1875
87,47,2,50,1,0.5028877258300781,0.7500000000000002,0,0,0.5
87,47,2,6,1,0.3618154227733612,0.7500000000000002,0,0,0.25
88,47,47,1,0,0.647735595703125,0.7500000000000002,0,0,0.14285714285714285
88,47,47,103,0,0.5151515007019043,0.7500000000000002,0,0,0.2
88,47,47,2,0,0.7515795230865479,0.7500000000000002,1,0,0.2857142857142857
88,47,47,4,0,0.5390334129333496,0.7500000000000002,0,0,0.14285714285714285
88,47,47,48,0,0.7671193480491638,0.7500000000000002,1,0,0.2
89,80,80,9,0,0.76096111536026,0.7500000000000002,1,0,1.0
89,80,9,101,1,0.43299949169158936,0.7500000000000002,0,0,0.16666666666666666
89,80,9,102,1,0.4409818947315216,0.7500000000000002,0,0,0.2
89,80,9,116,1,0.7237743735313416,0.7500000000000002,0,0,1.0
89,80,9,24,1,0.4857643246650696,0.7500000000000002,0,0,0.25
89,80,9,28,1,0.41562485694885254,0.7500000000000002,0,0,0.05555555555555555
89,80,9,33,1,0.4551351070404053,0.7500000000000002,0,0,0.058823529411764705
89,80,9,35,1,0.35925352573394775,0.7500000000000002,0,0,0.0625
89,80,9,36,1,0.7005167603492737,0.7500000000000002,0,0,0.2857142857142857
89,80,9,39,1,0.35999956727027893,0.7500000000000002,0,0,0.06666666666666667
89,80,9,44,1,0.3826366662979126,0.7500000000000002,0,0,0.07142857142857142
89,80,9,54,1,0.36655834317207336,0.7500000000000002,0,0,0.07692307692307693
89,80,9,55,1,0.38928163051605225,0.7500000000000002,0,0,0.08333333333333333
89,80,9,56,1,0.37159350514411926,0.7500000000000002,0,0,0.09090909090909091
89,80,9,83,1,0.38587766885757446,0.7500000000000002,0,0,0.1
89,80,9,89,1,0.4290448725223541,0.7500000000000002,0,0,0.1111111111111111
89,80,9,92,1,0.409024178981781,0.7500000000000002,0,0,0.125
90,54,54,9,0,0.5570871233940125,0.7500000000000002,0,0,1.0
91,80,80,114,0,0.8279037475585938,0.7500000000000002,1,1,1.0
91,80,80,9,0,0.7599368691444397,0.7500000000000002,1,0,0.5
92,51,51,29,0,0.5023892521858215,0.7500000000000002,0,1,0.5
92,51,51,85,0,0.7906477451324463,0.7500000000000002,1,0,1.0
93,117,117,54,0,0.7338150143623352,0.7500000000000002,0,1,1.0
94,2,2,1,0,0.5055029392242432,0.7500000000000002,0,0,0.15384615384615385
94,2,2,12,0,0.33414310216903687,0.7500000000000002,0,0,0.14285714285714285
94,2,2,28,0,0.4048168659210205,0.7500000000000002,0,0,0.0625
94,2,2,33,0,0.5010494589805603,0.7500000000000002,0,0,0.16666666666666666
94,2,2,4,0,0.5236512422561646,0.7500000000000002,0,0,0.21428571428571427
94,2,2,47,0,0.7422492504119873,0.7500000000000002,0,1,0.6666666666666666
94,2,2,5,0,0.5250692963600159,0.7500000000000002,0,0,0.1875
94,2,2,50,0,0.4711235761642456,0.7500000000000002,0,0,0.5
94,2,2,6,0,0.3476296365261078,0.7500000000000002,0,0,0.25
95,7,7,3,0,0.5164278745651245,0.7500000000000002,0,1,0.5
95,7,7,33,0,0.5307461619377136,0.7500000000000002,0,0,0.16666666666666666
95,7,7,50,0,0.5635481476783752,0.7500000000000002,0,0,0.6666666666666666
96,24,24,9,0,0.6142407059669495,0.7500000000000002,0,1,1.0
97,9,9,101,0,0.4725552499294281,0.7500000000000002,0,0,0.14285714285714285
97,9,9,102,0,0.47644710540771484,0.7500000000000002,0,0,0.16666666666666666
97,9,9,116,0,0.615169882774353,0.7500000000000002,0,0,0.5
97,9,9,24,0,0.7516590356826782,0.7500000000000002,1,0,0.4
97,9,9,28,0,0.4520063102245331,0.7500000000000002,0,0,0.05263157894736842
97,9,9,33,0,0.47622227668762207,0.7500000000000002,0,0,0.05555555555555555
97,9,9,35,0,0.40112408995628357,0.7500000000000002,0,0,0.058823529411764705
97,9,9,36,0,0.6145747303962708,0.7500000000000002,0,0,0.25
97,9,9,39,0,0.4019664525985718,0.7500000000000002,0,0,0.0625
97,9,9,44,0,0.42758089303970337,0.7500000000000002,0,0,0.06666666666666667
97,9,9,54,0,0.4910132586956024,0.7500000000000002,0,0,0.07142857142857142
97,9,9,55,0,0.4343802332878113,0.7500000000000002,0,0,0.07692307692307693
97,9,9,56,0,0.4164714217185974,0.7500000000000002,0,0,0.08333333333333333
97,9,9,80,0,0.6208208799362183,0.7500000000000002,0,0,0.3333333333333333
97,9,9,83,0,0.43267759680747986,0.7500000000000002,0,0,0.09090909090909091
97,9,9,89,0,0.46906766295433044,0.7500000000000002,0,0,0.1
97,9,9,92,0,0.4541044533252716,0.7500000000000002,0,0,0.1111111111111111
98,9,9,101,0,0.4317599833011627,0.7500000000000002,0,0,0.125
98,9,9,102,0,0.43585318326950073,0.7500000000000002,0,0,0.14285714285714285
98,9,9,111,0,0.7541300654411316,0.7500000000000002,1,0,1.0
98,9,9,116,0,0.6016744375228882,0.7500000000000002,0,0,0.3333333333333333
98,9,9,24,0,0.7884057760238647,0.7500000000000002,1,1,0.3333333333333333
99,1,1,104,0,0.48678839206695557,0.7500000000000002,0,0,0.3333333333333333
99,1,1,2,0,0.5606411099433899,0.7500000000000002,0,0,0.2857142857142857
99,1,1,47,0,0.5620403289794922,0.7500000000000002,0,0,0.2
99,1,1,48,0,0.6554920077323914,0.7500000000000002,0,0,0.2
99,1,1,61,0,0.3620629608631134,0.7500000000000002,0,0,0.25
99,1,1,91,0,0.34416916966438293,0.7500000000000002,0,0,0.2
100,128,128,1,0,0.7856034636497498,0.7500000000000002,1,1,1.0
100,128,1,104,1,0.5293782949447632,0.7500000000000002,0,0,0.25
100,128,1,2,1,0.5822038054466248,0.7500000000000002,0,0,0.25
100,128,1,47,1,0.5927428603172302,0.7500000000000002,0,0,0.16666666666666666
100,128,1,48,1,0.6945194005966187,0.7500000000000002,0,0,0.16666666666666666
100,128,1,61,1,0.40221402049064636,0.7500000000000002,0,0,0.2
100,128,1,91,1,0.3831539452075958,0.7500000000000002,0,0,0.16666666666666666
101,46,46,4,0,0.8090481758117676,0.7500000000000002,1,1,1.0
101,46,4,2,1,0.5409843325614929,0.7500000000000002,0,0,0.25
101,46,4,47,1,0.38081347942352295,0.7500000000000002,0,0,0.1111111111111111
102,2,2,1,0,0.5226048231124878,0.7500000000000002,0,1,0.14285714285714285
102,2,2,12,0,0.32288703322410583,0.7500000000000002,0,0,0.125
102,2,2,28,0,0.3875803053379059,0.7500000000000002,0,0,0.058823529411764705
102,2,2,33,0,0.4712054133415222,0.7500000000000002,0,0,0.15384615384615385
102,2,2,4,0,0.56974858045578,0.7500000000000002,0,0,0.2
102,2,2,47,0,0.7858564853668213,0.7500000000000002,1,0,0.75
102,2,2,5,0,0.503948986530304,0.7500000000000002,0,0,0.17647058823529413
102,2,2,50,0,0.4276638627052307,0.7500000000000002,0,0,0.3333333333333333
102,2,2,6,0,0.3319200873374939,0.7500000000000002,0,0,0.2
102,2,47,1,1,0.5693561434745789,0.7500000000000002,0,1,0.1111111111111111
102,2,47,103,1,0.3781920373439789,0.7500000000000002,0,0,0.14285714285714285
102,2,47,113,1,0.6074032187461853,0.7500000000000002,0,0,0.5
102,2,47,4,1,0.513262152671814,0.7500000000000002,0,0,0.1111111111111111
102,2,47,48,1,0.6390129327774048,0.7500000000000002,0,0,0.14285714285714285
102,2,47,50,1,0.5016481280326843,0.7500000000000002,0,0,0.14285714285714285
103,47,47,1,0,0.5777515769004822,0.7500000000000002,0,0,0.1111111111111111
103,47,47,103,0,0.3741440176963806,0.7500000000000002,0,0,0.14285714285714285
103,47,47,113,0,0.5919765830039978,0.7500000000000002,0,0,0.5
103,47,47,2,0,0.7947465181350708,0.7500000000000002,1,0,0.3333333333333333
103,47,47,4,0,0.5037108063697815,0.7500000000000002,0,0,0.1111111111111111
103,47,47,48,0,0.6281923651695251,0.7500000000000002,0,0,0.14285714285714285
103,47,47,50,0,0.4940638840198517,0.7500000000000002,0,0,0.14285714285714285
103,47,2,1,1,0.7835917472839355,0.7500000000000002,1,0,0.2
104,36,36,9,0,0.7348001599311829,0.7500000000000002,0,0,1.0
105,113,113,47,0,0.6834041476249695,0.7500000000000002,0,0,1.0
106,47,47,1,0,0.530795156955719,0.7500000000000002,0,0,0.1
106,47,47,103,0,0.36723440885543823,0.7500000000000002,0,0,0.125
106,47,47,113,0,0.5951085686683655,0.7500000000000002,0,0,0.3333333333333333
106,47,47,2,0,0.7204534411430359,0.7500000000000002,0,0,0.3
106,47,47,24,0,0.691674530506134,0.7500000000000002,0,0,0.16666666666666666
106,47,47,4,0,0.47388479113578796,0.7500000000000002,0,0,0.1
106,47,47,48,0,0.5760766267776489,0.7500000000000002,0,0,0.125
106,47,47,50,0,0.46076762676239014,0.7500000000000002,0,0,0.125
107,7,7,3,0,0.8042892813682556,0.7500000000000002,1,0,0.5714285714285714
107,7,7,33,0,0.43029025197029114,0.7500000000000002,0,0,0.14285714285714285
107,7,7,50,0,0.48037245869636536,0.7500000000000002,0,0,0.5
107,7,3,113,1,0.7966334819793701,0.7500000000000002,1,0,0.5
108,1,1,104,0,0.4078201651573181,0.7500000000000002,0,0,0.16666666666666666
108,1,1,128,0,0.8021308779716492,0.7500000000000002,1,1,0.6666666666666666
108,1,1,2,0,0.782597541809082,0.7500000000000002,1,0,0.3
109,48,48,1,0,0.5494475364685059,0.7500000000000002,0,0,0.07142857142857142
109,48,48,28,0,0.4391460418701172,0.7500000000000002,0,0,0.14285714285714285
109,48,48,47,0,0.5454533100128174,0.7500000000000002,0,0,0.07142857142857142
109,48,48,49,0,0.29891908168792725,0.7500000000000002,0,0,0.1
109,48,48,5,0,0.7054571509361267,0.7500000000000002,0,1,0.5
109,48,48,52,0,0.4460637867450714,0.7500000000000002,0,0,0.18181818181818182
110,33,33,114,0,0.5524193048477173,0.7500000000000002,0,0,1.0
110,33,33,2,0,0.5804445147514343,0.7500000000000002,0,0,0.4
110,33,33,7,0,0.5426461100578308,0.7500000000000002,0,0,0.25
110,33,33,9,0,0.43202754855155945,0.7500000000000002,0,0,0.2
111,52,52,48,0,0.5893087983131409,0.7500000000000002,0,0,0.3333333333333333
111,52,52,55,0,0.29792964458465576,0.7500000000000002,0,0,0.16666666666666666
111,52,52,84,0,0.5517221093177795,0.7500000000000002,0,0,0.75
112,4,4,2,0,0.5345293283462524,0.7500000000000002,0,0,0.23076923076923078
112,4,4,46,0,0.8768959641456604,0.7500000000000002,1,1,1.0
112,4,4,47,0,0.4381854236125946,0.7500000000000002,0,0,0.1
113,47,47,1,0,0.5214326977729797,0.7500000000000002,0,0,0.07692307692307693
113,47,47,103,0,0.37662285566329956,0.7500000000000002,0,0,0.09090909090909091
113,47,47,113,0,0.4910845458507538,0.7500000000000002,0,0,0.16666666666666666
113,47,47,2,0,0.656147301197052,0.7500000000000002,0,0,0.23076923076923078
113,47,47,24,0,0.5789753794670105,0.7500000000000002,0,0,0.1111111111111111
113,47,47,33,0,0.6774840354919434,0.7500000000000002,0,0,0.07692307692307693
113,47,47,4,0,0.5039859414100647,0.7500000000000002,0,0,0.07692307692307693
113,47,47,48,0,0.5855634808540344,0.7500000000000002,0,0,0.09090909090909091
113,47,47,50,0,0.44973865151405334,0.7500000000000002,0,0,0.09090909090909091
113,47,47,7,0,0.6440905332565308,0.7500000000000002,0,0,0.07692307692307693
113,47,47,80,0,0.6319143176078796,0.7500000000000002,0,0,0.14285714285714285
114,116,116,9,0,0.5927472114562988,0.7500000000000002,0,0,1.0
115,9,9,101,0,0.3244945704936981,0.7500000000000002,0,0,0.1111111111111111
115,9,9,102,0,0.32653945684432983,0.7500000000000002,0,0,0.125
115,9,9,111,0,0.4440896809101105,0.7500000000000002,0,0,0.5
115,9,9,116,0,0.47719669342041016,0.7500000000000002,0,0,0.25
115,9,9,24,0,0.6943042278289795,0.7500000000000002,0,0,0.42857142857142855
115,9,9,28,0,0.3635961711406708,0.7500000000000002,0,0,0.047619047619047616
115,9,9,33,0,0.4157719314098358,0.7500000000000002,0,0,0.05
115,9,9,35,0,0.3074692487716675,0.7500000000000002,0,0,0.05263157894736842
115,9,9,36,0,0.5179304480552673,0.7500000000000002,0,0,0.2
115,9,9,39,0,0.30781230330467224,0.7500000000000002,0,0,0.05555555555555555
115,9,9,44,0,0.3303821086883545,0.7500000000000002,0,0,0.058823529411764705
115,9,9,54,0,0.3685741126537323,0.7500000000000002,0,0,0.0625
115,9,9,55,0,0.33279573917388916,0.7500000000000002,0,0,0.06666666666666667
115,9,9,56,0,0.3112943768501282,0.7500000000000002,0,0,0.07142857142857142
115,9,9,80,0,0.45637649297714233,0.7500000000000002,0,0,0.2
115,9,9,83,0,0.3142775893211365,0.7500000000000002,0,0,0.07692307692307693
115,9,9,89,0,0.41006261110305786,0.7500000000000002,0,0,0.08333333333333333
115,9,9,92,0,0.3193020224571228,0.7500000000000002,0,0,0.09090909090909091
116,58,58,57,0,0.5210065245628357,0.7500000000000002,0,0,1.0
117,5,5,2,0,0.4556097686290741,0.7500000000000002,0,0,0.2727272727272727
117,5,5,48,0,0.835100531578064,0.7500000000000002,1,1,1.0
117,5,48,1,1,0.496041476726532,0.7500000000000002,0,0,0.0625
117,5,48,116,1,0.6347249150276184,0.7500000000000002,0,0,0.25
117,5,48,28,1,0.4382269084453583,0.7500000000000002,0,0,0.125
117,5,48,47,1,0.5279935598373413,0.7500000000000002,0,0,0.0625
117,5,48,49,1,0.31944307684898376,0.7500000000000002,0,0,0.08333333333333333
117,5,48,52,1,0.5066367983818054,0.7500000000000002,0,0,0.15384615384615385
118,102,102,9,0,0.5711492300033569,0.7500000000000002,0,0,1.0
119,83,83,9,0,0.549019455909729,0.7500000000000002,0,0,1.0
120,83,83,81,0,0.6970090270042419,0.7500000000000002,0,1,1.0
120,83,83,9,0,0.5734114646911621,0.7500000000000002,0,0,0.5
121,36,36,129,0,0.4140603244304657,0.7500000000000002,0,0,1.0
121,36,36,9,0,0.6498671770095825,0.7500000000000002,0,0,0.6666666666666666
122,46,46,4,0,0.8658413887023926,0.7500000000000002,1,0,1.0
122,46,4,2,1,0.5104225277900696,0.7500000000000002,0,0,0.2
122,46,4,47,1,0.4098138213157654,0.7500000000000002,0,1,0.08333333333333333
122,46,4,9,1,0.6287859082221985,0.7500000000000002,0,0,0.06666666666666667
123,51,51,29,0,0.5964893698692322,0.7500000000000002,0,0,0.6
123,51,51,85,0,0.472229540348053,0.7500000000000002,0,0,0.6666666666666666
124,24,24,47,0,0.5249119400978088,0.7500000000000002,0,0,0.25
124,24,24,9,0,0.7252902388572693,0.7500000000000002,0,1,0.75
125,9,9,101,0,0.5123556852340698,0.7500000000000002,0,0,0.09090909090909091
125,9,9,102,0,0.5138356685638428,0.7500000000000002,0,0,0.1
125,9,9,111,0,0.51822429895401,0.7500000000000002,0,0,0.25
125,9,9,116,0,0.5380668044090271,0.7500000000000002,0,0,0.16666666666666666
125,9,9,24,0,0.8525332808494568,0.7500000000000002,1,0,0.4444444444444444
125,9,9,28,0,0.4612748622894287,0.7500000000000002,0,0,0.043478260869565216
125,9,9,33,0,0.4945495128631592,0.7500000000000002,0,0,0.045454545454545456
125,9,9,35,0,0.4190591871738434,0.7500000000000002,0,0,0.047619047619047616
125,9,9,36,0,0.6085802316665649,0.7500000000000002,0,0,0.16666666666666666
125,9,9,39,0,0.41963568329811096,0.7500000000000002,0,0,0.05
125,9,9,4,0,0.6587707996368408,0.7500000000000002,0,0,0.045454545454545456
125,9,9,44,0,0.49196457862854004,0.7500000000000002,0,0,0.05263157894736842
125,9,9,54,0,0.4725660979747772,0.7500000000000002,0,0,0.05555555555555555
125,9,9,55,0,0.44530606269836426,0.7500000000000002,0,0,0.058823529411764705
125,9,9,56,0,0.4287746846675873,0.7500000000000002,0,0,0.0625
125,9,9,80,0,0.5429190993309021,0.7500000000000002,0,0,0.14285714285714285
125,9,9,83,0,0.5121279954910278,0.7500000000000002,0,0,0.06666666666666667
125,9,9,89,0,0.5010587573051453,0.7500000000000002,0,0,0.07142857142857142
125,9,9,92,0,0.4463004469871521,0.7500000000000002,0,0,0.07692307692307693
125,9,24,47,1,0.6008514761924744,0.7500000000000002,0,0,0.2
126,100,100,26,0,0.4319700002670288,0.7500000000000002,0,0,1.0
128,48,48,1,0,0.48833903670310974,0.7500000000000002,0,0,0.05555555555555555
128,48,48,116,0,0.419868141412735,0.7500000000000002,0,0,0.16666666666666666
128,48,48,28,0,0.40916040539741516,0.7500000000000002,0,0,0.1111111111111111
128,48,48,47,0,0.4776171147823334,0.7500000000000002,0,0,0.05555555555555555
128,48,48,49,0,0.3106837272644043,0.7500000000000002,0,0,0.07142857142857142
128,48,48,5,0,0.7646496891975403,0.7500000000000002,1,1,0.5
128,48,48,51,0,0.5652962923049927,0.7500000000000002,0,0,0.08333333333333333
128,48,48,52,0,0.45812392234802246,0.7500000000000002,0,0,0.13333333333333333
128,48,5,2,1,0.42218297719955444,0.7500000000000002,0,0,0.25
129,1,1,100,0,0.5642701983451843,0.7500000000000002,0,0,0.125
129,1,1,104,0,0.3548274636268616,0.7500000000000002,0,0,0.125
129,1,1,128,0,0.6268455982208252,0.7500000000000002,0,0,0.6
129,1,1,2,0,0.6256847381591797,0.7500000000000002,0,0,0.25
129,1,1,47,0,0.48593831062316895,0.7500000000000002,0,0,0.1
129,1,1,48,0,0.541121780872345,0.7500000000000002,0,0,0.1
129,1,1,61,0,0.3154750466346741,0.7500000000000002,0,0,0.1111111111111111
129,1,1,91,0,0.311552494764328,0.7500000000000002,0,0,0.1
130,9,9,0,0,0.6420301198959351,0.7500000000000002,0,0,1.0
130,9,9,101,0,0.38233596086502075,0.7500000000000002,0,0,0.08333333333333333
130,9,9,102,0,0.38338205218315125,0.7500000000000002,0,0,0.09090909090909091
130,9,9,111,0,0.36882665753364563,0.7500000000000002,0,0,0.2
130,9,9,116,0,0.39194825291633606,0.7500000000000002,0,0,0.14285714285714285
130,9,9,24,0,0.7101799249649048,0.7500000000000002,0,0,0.4
130,9,9,28,0,0.3671267628669739,0.7500000000000002,0,0,0.041666666666666664
130,9,9,33,0,0.3968241214752197,0.7500000000000002,0,0,0.043478260869565216
130,9,9,35,0,0.33035221695899963,0.7500000000000002,0,0,0.045454545454545456
130,9,9,36,0,0.49449342489242554,0.7500000000000002,0,0,0.15384615384615385
130,9,9,39,0,0.33059990406036377,0.7500000000000002,0,0,0.047619047619047616
130,9,9,4,0,0.517981767654419,0.7500000000000002,0,0,0.043478260869565216
130,9,9,44,0,0.3817439377307892,0.7500000000000002,0,0,0.05
130,9,9,54,0,0.3684115409851074,0.7500000000000002,0,0,0.05263157894736842
130,9,9,55,0,0.34910017251968384,0.7500000000000002,0,0,0.05555555555555555
130,9,9,56,0,0.3330257534980774,0.7500000000000002,0,0,0.058823529411764705
130,9,9,80,0,0.41017335653305054,0.7500000000000002,0,0,0.125
130,9,9,83,0,0.3930821716785431,0.7500000000000002,0,0,0.0625
130,9,9,89,0,0.3841853439807892,0.7500000000000002,0,0,0.06666666666666667
130,9,9,92,0,0.3371413052082062,0.7500000000000002,0,0,0.07142857142857142
131,9,9,0,0,0.6355201601982117,0.7500000000000002,0,0,0.5
131,9,9,101,0,0.475015789270401,0.7500000000000002,0,0,0.07692307692307693
131,9,9,102,0,0.47645261883735657,0.7500000000000002,0,0,0.08333333333333333
131,9,9,111,0,0.4752159118652344,0.7500000000000002,0,0,0.16666666666666666
131,9,9,116,0,0.49387818574905396,0.7500000000000002,0,0,0.125
131,9,9,24,0,0.7495368719100952,0.7500000000000002,0,0,0.36363636363636365
131,9,9,28,0,0.43796101212501526,0.7500000000000002,0,0,0.04
131,9,9,33,0,0.4678884744644165,0.7500000000000002,0,0,0.041666666666666664
131,9,9,35,0,0.3943873941898346,0.7500000000000002,0,0,0.043478260869565216
131,9,9,36,0,0.5671981573104858,0.7500000000000002,0,0,0.14285714285714285
131,9,9,39,0,0.39484018087387085,0.7500000000000002,0,0,0.045454545454545456
131,9,9,396,0,0.7921773195266724,0.7500000000000002,1,0,1.0
131,9,9,4,0,0.6018741726875305,0.7500000000000002,0,0,0.041666666666666664
131,9,9,44,0,0.4596603810787201,0.7500000000000002,0,0,0.047619047619047616
131,9,9,54,0,0.4443691074848175,0.7500000000000002,0,0,0.05
131,9,9,55,0,0.41937553882598877,0.7500000000000002,0,0,0.05263157894736842
131,9,9,56,0,0.40174156427383423,0.7500000000000002,0,0,0.05555555555555555
131,9,9,80,0,0.5026152729988098,0.7500000000000002,0,0,0.1111111111111111
131,9,9,83,0,0.4761340618133545,0.7500000000000002,0,0,0.058823529411764705
131,9,9,89,0,0.46865397691726685,0.7500000000000002,0,0,0.0625
131,9,9,92,0,0.41626933217048645,0.7500000000000002,0,0,0.06666666666666667
132,9,9,0,0,0.5954224467277527,0.7500000000000002,0,0,0.3333333333333333
132,9,9,101,0,0.46145492792129517,0.7500000000000002,0,0,0.07142857142857142
132,9,9,102,0,0.4627234935760498,0.7500000000000002,0,0,0.07692307692307693
132,9,9,111,0,0.4597918391227722,0.7500000000000002,0,0,0.14285714285714285
132,9,9,116,0,0.47992438077926636,0.7500000000000002,0,0,0.1111111111111111
132,9,9,24,0,0.7383236289024353,0.7500000000000002,0,0,0.3333333333333333
132,9,9,28,0,0.428520530462265,0.7500000000000002,0,0,0.038461538461538464
132,9,9,33,0,0.45788609981536865,0.7500000000000002,0,0,0.04
132,9,9,35,0,0.3852432370185852,0.7500000000000002,0,0,0.041666666666666664
132,9,9,36,0,0.5570252537727356,0.7500000000000002,0,0,0.13333333333333333
132,9,9,39,0,0.3856552541255951,0.7500000000000002,0,0,0.043478260869565216
132,9,9,396,0,0.7698847651481628,0.7500000000000002,1,0,0.5
132,9,9,398,0,0.7999525666236877,0.7500000000000002,1,0,1.0
133,80,80,114,0,0.5770226716995239,0.7500000000000002,0,0,0.6666666666666666
133,80,80,47,0,0.5572052001953125,0.7500000000000002,0,0,0.25
133,80,80,9,0,0.5682741403579712,0.7500000000000002,0,0,0.25
134,100,100,1,0,0.6683740019798279,0.7500000000000002,0,0,0.5
134,100,100,26,0,0.3490625321865082,0.7500000000000002,0,0,0.5
137,9,9,0,0,0.44663551449775696,0.7500000000000002,0,0,0.25
137,9,9,101,0,0.38301265239715576,0.7500000000000002,0,0,0.06666666666666667
137,9,9,102,0,0.3836926221847534,0.7500000000000002,0,0,0.07142857142857142
137,9,9,111,0,0.3661888539791107,0.7500000000000002,0,0,0.125
137,9,9,116,0,0.3896811902523041,0.7500000000000002,0,0,0.1
137,9,9,24,0,0.6666817665100098,0.7500000000000002,0,0,0.3076923076923077
137,9,9,28,0,0.37181225419044495,0.7500000000000002,0,0,0.037037037037037035
137,9,9,33,0,0.39920806884765625,0.7500000000000002,0,0,0.038461538461538464
137,9,9,35,0,0.33615371584892273,0.7500000000000002,0,0,0.04
137,9,9,36,0,0.48743271827697754,0.7500000000000002,0,0,0.125
137,9,9,39,0,0.3364061713218689,0.7500000000000002,0,0,0.041666666666666664
137,9,9,396,0,0.5745344758033752,0.7500000000000002,0,0,0.3333333333333333
137,9,9,398,0,0.6267971396446228,0.7500000000000002,0,0,0.5
137,9,9,4,0,0.5105250477790833,0.7500000000000002,0,0,0.038461538461538464
137,9,9,401,0,0.7231738567352295,0.7500000000000002,0,0,1.0
137,9,9,44,0,0.38314691185951233,0.7500000000000002,0,0,0.043478260869565216
137,9,9,54,0,0.3727600872516632,0.7500000000000002,0,0,0.045454545454545456
137,9,9,55,0,0.35480982065200806,0.7500000000000002,0,0,0.047619047619047616
137,9,9,56,0,0.3395161032676697,0.7500000000000002,0,0,0.05
137,9,9,80,0,0.454833060503006,0.7500000000000002,0,0,0.09090909090909091
137,9,9,83,0,0.3924356997013092,0.7500000000000002,0,0,0.05263157894736842
137,9,9,89,0,0.3872634470462799,0.7500000000000002,0,0,0.05555555555555555
137,9,9,92,0,0.34445348381996155,0.7500000000000002,0,0,0.058823529411764705
142,6,6,2,0,0.4752332866191864,0.7500000000000002,0,0,1.0
143,26,26,100,0,0.4668881297111511,0.7500000000000002,0,0,1.0
144,9,9,0,0,0.38333237171173096,0.7500000000000002,0,0,0.2
144,9,9,101,0,0.3618050515651703,0.7500000000000002,0,0,0.0625
144,9,9,102,0,0.3622693121433258,0.7500000000000002,0,0,0.06666666666666667
144,9,9,111,0,0.34607332944869995,0.7500000000000002,0,0,0.1111111111111111
144,9,9,116,0,0.36580049991607666,0.7500000000000002,0,0,0.09090909090909091
144,9,9,24,0,0.6171512603759766,0.7500000000000002,0,0,0.2857142857142857
144,9,9,28,0,0.36177676916122437,0.7500000000000002,0,0,0.03571428571428571
144,9,9,308,0,0.619819700717926,0.7500000000000002,0,0,1.0
144,9,9,33,0,0.38349276781082153,0.7500000000000002,0,0,0.037037037037037035
144,9,9,35,0,0.3271729350090027,0.7500000000000002,0,0,0.038461538461538464
144,9,9,36,0,0.4601838290691376,0.7500000000000002,0,0,0.11764705882352941
144,9,9,39,0,0.3273526728153229,0.7500000000000002,0,0,0.04
144,9,9,396,0,0.4171963930130005,0.7500000000000002,0,0,0.25
144,9,9,398,0,0.43559354543685913,0.7500000000000002,0,0,0.3333333333333333
144,9,9,4,0,0.47540831565856934,0.7500000000000002,0,0,0.037037037037037035
144,9,9,401,0,0.47463372349739075,0.7500000000000002,0,0,0.5
144,9,9,44,0,0.3662344217300415,0.7500000000000002,0,0,0.041666666666666664
144,9,9,54,0,0.36072230339050293,0.7500000000000002,0,0,0.043478260869565216
144,9,9,55,0,0.3442671298980713,0.7500000000000002,0,0,0.045454545454545456
144,9,9,56,0,0.32890477776527405,0.7500000000000002,0,0,0.047619047619047616
144,9,9,80,0,0.4138699769973755,0.7500000000000002,0,0,0.08333333333333333
144,9,9,83,0,0.37163910269737244,0.7500000000000002,0,0,0.05
144,9,9,89,0,0.3682815730571747,0.7500000000000002,0,0,0.05263157894736842
144,9,9,92,0,0.3316801190376282,0.7500000000000002,0,0,0.05555555555555555
145,9,9,0,0,0.47146087884902954,0.7500000000000002,0,0,0.16666666666666666
145,9,9,101,0,0.4233873784542084,0.7500000000000002,0,0,0.058823529411764705
145,9,9,102,0,0.42412668466567993,0.7500000000000002,0,0,0.0625
145,9,9,111,0,0.41449254751205444,0.7500000000000002,0,0,0.1
145,9,9,116,0,0.433878093957901,0.7500000000000002,0,0,0.08333333333333333
145,9,9,24,0,0.6472904086112976,0.7500000000000002,0,0,0.26666666666666666
145,9,9,28,0,0.4108598232269287,0.7500000000000002,0,0,0.034482758620689655
145,9,9,308,0,0.6122297644615173,0.7500000000000002,0,0,0.5
145,9,9,33,0,0.4335924983024597,0.7500000000000002,0,0,0.03571428571428571
145,9,9,34,0,0.7587966322898865,0.7500000000000002,1,1,0.05
145,9,9,35,0,0.3762390911579132,0.7500000000000002,0,0,0.037037037037037035
145,9,9,36,0,0.5128319263458252,0.7500000000000002,0,0,0.1111111111111111
145,9,9,39,0,0.376514196395874,0.7500000000000002,0,0,0.038461538461538464
145,9,9,396,0,0.5128538012504578,0.7500000000000002,0,0,0.2
145,9,9,398,0,0.5256653428077698,0.7500000000000002,0,0,0.25
145,9,9,4,0,0.5373570322990417,0.7500000000000002,0,0,0.03571428571428571
145,9,9,401,0,0.5437576770782471,0.7500000000000002,0,0,0.3333333333333333
145,9,9,44,0,0.4203468859195709,0.7500000000000002,0,0,0.04
145,9,9,54,0,0.41200336813926697,0.7500000000000002,0,0,0.041666666666666664
145,9,9,55,0,0.3939346969127655,0.7500000000000002,0,0,0.043478260869565216
145,9,9,56,0,0.3803810775279999,0.7500000000000002,0,0,0.045454545454545456
145,9,9,80,0,0.4789435863494873,0.7500000000000002,0,0,0.07692307692307693
145,9,9,83,0,0.4293842911720276,0.7500000000000002,0,0,0.047619047619047616
145,9,9,89,0,0.4263250231742859,0.7500000000000002,0,0,0.05
145,9,9,92,0,0.38820862770080566,0.7500000000000002,0,0,0.05263157894736842
145,9,34,21,1,0.4387573003768921,0.7500000000000002,0,0,0.3333333333333333
145,9,34,23,1,0.3876916468143463,0.7500000000000002,0,0,0.3333333333333333
146,102,102,101,0,0.48063763976097107,0.7500000000000002,0,1,0.5
146,102,102,9,0,0.4850618243217468,0.7500000000000002,0,0,0.5
148,52,52,48,0,0.49601566791534424,0.7500000000000002,0,0,0.2857142857142857
148,52,52,55,0,0.29447612166404724,0.7500000000000002,0,0,0.14285714285714285
148,52,52,84,0,0.45896852016448975,0.7500000000000002,0,0,0.6
148,52,52,89,0,0.34383824467658997,0.7500000000000002,0,0,0.2
150,401,401,9,0,0.6134390830993652,0.7500000000000002,0,0,1.0
151,33,33,114,0,0.4017888903617859,0.7500000000000002,0,0,0.5
151,33,33,2,0,0.47552546858787537,0.7500000000000002,0,0,0.3333333333333333
151,33,33,47,0,0.4465131163597107,0.7500000000000002,0,0,0.3333333333333333
151,33,33,7,0,0.38153013586997986,0.7500000000000002,0,0,0.2
151,33,33,9,0,0.4258556365966797,0.7500000000000002,0,0,0.16666666666666666
152,14,14,21,0,0.42187371850013733,0.7500000000000002,0,1,1.0
154,5,5,2,0,0.3692381680011749,0.7500000000000002,0,0,0.23076923076923078
154,5,5,48,0,0.7306132316589355,0.7500000000000002,0,0,1.0
156,307,307,80,0,0.510908305644989,0.7500000000000002,0,0,1.0
157,45,45,1,0,0.5201864838600159,0.7500000000000002,0,1,1.0
158,51,51,29,0,0.4790249764919281,0.7500000000000002,0,1,0.5
158,51,51,48,0,0.45264241099357605,0.7500000000000002,0,0,0.16666666666666666
158,51,51,85,0,0.37558937072753906,0.7500000000000002,0,0,0.5
159,288,288,52,0,0.5865610241889954,0.7500000000000002,0,0,1.0
160,9,9,0,0,0.35157302021980286,0.7500000000000002,0,0,0.14285714285714285
160,9,9,101,0,0.37925228476524353,0.7500000000000002,0,0,0.05555555555555555
160,9,9,102,0,0.37962907552719116,0.7500000000000002,0,0,0.058823529411764705
160,9,9,111,0,0.33576399087905884,0.7500000000000002,0,0,0.09090909090909091
160,9,9,116,0,0.3555574119091034,0.7500000000000002,0,0,0.07692307692307693
160,9,9,24,0,0.5679293870925903,0.7500000000000002,0,0,0.25
160,9,9,28,0,0.36180219054222107,0.7500000000000002,0,0,0.03333333333333333
160,9,9,308,0,0.38864865899086,0.7500000000000002,0,0,0.3333333333333333
160,9,9,33,0,0.4060322940349579,0.7500000000000002,0,0,0.034482758620689655
160,9,9,34,0,0.5132808685302734,0.7500000000000002,0,0,0.09523809523809523
160,9,9,35,0,0.323021799325943,0.7500000000000002,0,0,0.03571428571428571
160,9,9,36,0,0.4402797520160675,0.7500000000000002,0,0,0.10526315789473684
160,9,9,39,0,0.32317087054252625,0.7500000000000002,0,0,0.037037037037037035
160,9,9,396,0,0.35802727937698364,0.7500000000000002,0,0,0.16666666666666666
160,9,9,398,0,0.36316049098968506,0.7500000000000002,0,0,0.2
160,9,9,4,0,0.45033663511276245,0.7500000000000002,0,0,0.034482758620689655
160,9,9,401,0,0.4157096743583679,0.7500000000000002,0,0,0.25
160,9,9,44,0,0.36176347732543945,0.7500000000000002,0,0,0.038461538461538464
160,9,9,54,0,0.35774481296539307,0.7500000000000002,0,0,0.04
160,9,9,55,0,0.341013640165329,0.7500000000000002,0,0,0.041666666666666664
160,9,9,56,0,0.32438817620277405,0.7500000000000002,0,0,0.043478260869565216
160,9,9,80,0,0.39284971356391907,0.7500000000000002,0,0,0.07142857142857142
160,9,9,83,0,0.3640477657318115,0.7500000000000002,0,0,0.045454545454545456
160,9,9,89,0,0.3623288571834564,0.7500000000000002,0,0,0.047619047619047616
160,9,9,92,0,0.32657918334007263,0.7500000000000002,0,0,0.05
162,461,461,9,0,0.7604391574859619,0.7500000000000002,1,0,1.0
162,461,9,0,1,0.397636353969574,0.7500000000000002,0,0,0.125
162,461,9,101,1,0.4224081337451935,0.7500000000000002,0,0,0.05263157894736842
162,461,9,102,1,0.4228854477405548,0.7500000000000002,0,0,0.05555555555555555
162,461,9,111,1,0.3783884346485138,0.7500000000000002,0,0,0.08333333333333333
162,461,9,116,1,0.3986242115497589,0.7500000000000002,0,0,0.07142857142857142
162,461,9,24,1,0.5982374548912048,0.7500000000000002,0,0,0.23529411764705882
162,461,9,28,1,0.39465591311454773,0.7500000000000002,0,0,0.03225806451612903
162,461,9,308,1,0.4355228841304779,0.7500000000000002,0,0,0.25
162,461,9,33,1,0.44175654649734497,0.7500000000000002,0,0,0.03333333333333333
162,461,9,34,1,0.5618607997894287,0.7500000000000002,0,0,0.09090909090909091
162,461,9,35,1,0.3590627610683441,0.7500000000000002,0,0,0.034482758620689655
162,461,9,36,1,0.48162776231765747,0.7500000000000002,0,0,0.1
162,461,9,39,1,0.35926303267478943,0.7500000000000002,0,0,0.03571428571428571
162,461,9,396,1,0.4093923568725586,0.7500000000000002,0,0,0.14285714285714285
162,461,9,398,1,0.4137941896915436,0.7500000000000002,0,0,0.16666666666666666
162,461,9,4,1,0.4920002520084381,0.7500000000000002,0,0,0.03333333333333333
162,461,9,401,1,0.46362391114234924,0.7500000000000002,0,0,0.2
162,461,9,44,1,0.39826303720474243,0.7500000000000002,0,0,0.037037037037037035
162,461,9,54,1,0.3929722011089325,0.7500000000000002,0,0,0.038461538461538464
162,461,9,55,1,0.37682071328163147,0.7500000000000002,0,0,0.04
162,461,9,56,1,0.36182382702827454,0.7500000000000002,0,0,0.041666666666666664
162,461,9,80,1,0.4366581439971924,0.7500000000000002,0,0,0.06666666666666667
162,461,9,83,1,0.40348073840141296,0.7500000000000002,0,0,0.043478260869565216
162,461,9,89,1,0.4015694260597229,0.7500000000000002,0,0,0.045454545454545456
162,461,9,92,1,0.3664324879646301,0.7500000000000002,0,0,0.047619047619047616
